model,aic,mae,rmse,mape,current_mrr,forecast_6m_mrr,projected_growth_pct
"ARIMA(2, 0, 1)",275.3823910909376,40381.15855802487,49184.412269272056,56.344936539036496,76129.55,74641.11617137222,-1.9551328342644583
