covariate,coef,exp(coef),se(coef),coef lower 95%,coef upper 95%,exp(coef) lower 95%,exp(coef) upper 95%,cmp to,z,p,-log2(p)
final_price,0.0031570682481950867,1.0031620570367574,0.0031274164195711895,-0.0029725552988236516,0.009286691795213825,0.9970318583693046,1.0093299469127577,0.0,1.0094812537397764,0.3127438876221569,1.6769464067660538
discount_percent,-2.0376083391713538,0.13034006763429715,1.0235958280425874,-4.0438192968602795,-0.03139738148242799,0.017530390628650375,0.9690903979714149,0.0,-1.990637596743485,0.046520743787260996,4.425982026548832
engagement_score,-0.008786351418757946,0.9912521357637469,0.0015271630537189338,-0.011779536002567264,-0.005793166834948628,0.9882895711155666,0.994223581199048,0.0,-5.75338134154143,8.747585502063813e-09,26.768467993029212
tier_pro,-0.515485629503227,0.5972105011459709,0.15964217272157444,-0.8283785384512355,-0.20259272055521838,0.4367568969993912,0.8166107624844648,0.0,-3.2290066009203278,0.0012422102754136475,9.652874877916014
tier_enterprise,-1.4157267665395,0.2427491273811529,0.47531553812578636,-2.347328102558316,-0.4841254305206837,0.0956243195614206,0.6162359022744378,0.0,-2.9784988139075845,0.0028966415067849523,8.431403139365738
segment_enterprise,0.06927253228478021,1.0717282498998808,0.16157659145733141,-0.24741176771633155,0.38595683228589195,0.7808191112250171,1.4710211688228727,0.0,0.4287287636159441,0.6681206256560133,0.5818194976894611
has_discount,0.11394775409251108,1.1206935717019137,0.2206586197604526,-0.3185351935162943,0.5464307017013165,0.7272134843056083,1.7270775484220575,0.0,0.5163983814283484,0.6055761960125382,0.7236195979019133
