tier,avg_monthly_revenue,expected_lifetime_months,customer_lifetime_value,retention_12m,retention_24m
Basic,26.590407470288625,9.806009536682758,260.7457892379307,0.2961143930352779,0.10940400817613243
Pro,70.9976551724138,12.3644548143753,877.8472993059092,0.45093195739278824,0.2215730612278101
Enterprise,171.17193732193735,16.470937708750387,2819.3623171157556,0.6108190402236366,0.48421181795773793
