att_absolute,att_relative_pct,p_value,ci_lower,ci_upper,n_matched_pairs,incremental_revenue,discount_cost,net_benefit,roi_pct
0.058466518308719406,41.28571428571429,1.0475399925167088e-14,0.043671093634281136,0.07326194298315768,4943,276211.62166962697,1071725.3999999997,-795513.7783303726,-74.22738868840591
