overall_churn_rate,median_lifetime_months,retention_12m,retention_24m,target_churn_rate_30pct_reduction,customers_saved,revenue_saved,avg_clv
0.5075075075075075,10.0,0.43022617738931657,0.23379227297146635,0.35525525525525525,254,335106.89101251244,1319.3184685531985
